"PC1","PC2","PC3","PC4","sample_id","condition"
-39.7128525957923,-15.2049142829705,13.664661611951,-5.72497697142282e-14,"9_SC1","SC"
36.4780207828448,-23.5319087893711,-7.81901878398408,8.67391817981117e-14,"10_Ssh1","Ssh1"
-22.600520183167,15.406195604276,-20.2104188100744,1.32001584428367e-15,"11_SC2","SC"
25.8353519961146,23.3306274680656,14.3647759821075,9.43289474519107e-14,"12_Ssh2","Ssh1"
