"PC","percent_variance"
"PC1",62.7141725223346
"PC2",24.0451455513025
"PC3",13.2406819263628
"PC4",1.79915848350427e-28
